{
  "interns": [
    {
      "id": 1,
      "name": "tak tak",
      "email": "birdramsey@as.com",
      "internshipStart": "2023-07-01",
      "internshipEnd": "2023-10-04"
    },
    {
      "id": 2,
      "name": "illianaed",
      "email": "lilliangess@luria.com",
      "internshipStart": "2023-07-07",
      "internshipEnd": "2023-09-14"
    },
    {
      "id": 3,
      "name": "Kristie Cole",
      "email": "kristiecole@quadeebo.com",
      "internshipStart": "2022-07-01",
      "internshipEnd": "2022-09-30"
    },
    {
      "id": 4,
      "name": "Leonor Cross",
      "email": "leonorcross@gronk.com",
      "internshipStart": "2022-07-01T00:00Z",
      "internshipEnd": "2022-09-30T00:00Z"
    },
    {
      "id": 5,
      "name": "Marsh Mccallasd",
      "email": "marshmccall@ultrimaxomadas",
      "internshipStart": "2023-01-05",
      "internshipEnd": "2023-01-20"
    },
    {
      "id": 1675170221822,
      "name": "Mateusz Rudyk",
      "email": "mrudyk96@gmail.com",
      "internshipStart": "2023-03-01",
      "internshipEnd": "2024-11-28"
    }
  ]
}